{
  "get vet list" : {
    "transaction" : "get vet list",
    "sampleCount" : 200,
    "errorCount" : 0,
    "errorPct" : 0.0,
    "meanResTime" : 13.165000000000004,
    "medianResTime" : 12.0,
    "minResTime" : 9.0,
    "maxResTime" : 47.0,
    "pct1ResTime" : 18.0,
    "pct2ResTime" : 20.0,
    "pct3ResTime" : 22.99000000000001,
    "throughput" : 242.13075060532688,
    "receivedKBytesPerSec" : 1099.0466101694915,
    "sentKBytesPerSec" : 110.6613196125908
  },
  "get pettype list by id" : {
    "transaction" : "get pettype list by id",
    "sampleCount" : 200,
    "errorCount" : 0,
    "errorPct" : 0.0,
    "meanResTime" : 4.869999999999999,
    "medianResTime" : 4.0,
    "minResTime" : 2.0,
    "maxResTime" : 25.0,
    "pct1ResTime" : 7.0,
    "pct2ResTime" : 9.0,
    "pct3ResTime" : 11.990000000000009,
    "throughput" : 244.49877750611245,
    "receivedKBytesPerSec" : 108.53214776894866,
    "sentKBytesPerSec" : 113.17619193154034
  },
  "Total" : {
    "transaction" : "Total",
    "sampleCount" : 1200,
    "errorCount" : 0,
    "errorPct" : 0.0,
    "meanResTime" : 6.7349999999999985,
    "medianResTime" : 5.0,
    "minResTime" : 2.0,
    "maxResTime" : 47.0,
    "pct1ResTime" : 12.0,
    "pct2ResTime" : 15.0,
    "pct3ResTime" : 22.0,
    "throughput" : 1413.4275618374559,
    "receivedKBytesPerSec" : 14305.559389723205,
    "sentKBytesPerSec" : 652.4219670200235
  },
  "get specialty list by id" : {
    "transaction" : "get specialty list by id",
    "sampleCount" : 200,
    "errorCount" : 0,
    "errorPct" : 0.0,
    "meanResTime" : 4.990000000000002,
    "medianResTime" : 4.0,
    "minResTime" : 2.0,
    "maxResTime" : 27.0,
    "pct1ResTime" : 7.0,
    "pct2ResTime" : 9.0,
    "pct3ResTime" : 24.87000000000012,
    "throughput" : 244.49877750611245,
    "receivedKBytesPerSec" : 109.59466687041565,
    "sentKBytesPerSec" : 113.8924969437653
  },
  "get pettype list" : {
    "transaction" : "get pettype list",
    "sampleCount" : 200,
    "errorCount" : 0,
    "errorPct" : 0.0,
    "meanResTime" : 6.594999999999995,
    "medianResTime" : 5.0,
    "minResTime" : 4.0,
    "maxResTime" : 31.0,
    "pct1ResTime" : 9.0,
    "pct2ResTime" : 11.0,
    "pct3ResTime" : 29.970000000000027,
    "throughput" : 244.20024420024419,
    "receivedKBytesPerSec" : 6102.382860195361,
    "sentKBytesPerSec" : 112.56105006105007
  },
  "get vet list by id" : {
    "transaction" : "get vet list by id",
    "sampleCount" : 200,
    "errorCount" : 0,
    "errorPct" : 0.0,
    "meanResTime" : 4.570000000000002,
    "medianResTime" : 4.0,
    "minResTime" : 2.0,
    "maxResTime" : 15.0,
    "pct1ResTime" : 7.0,
    "pct2ResTime" : 8.0,
    "pct3ResTime" : 12.990000000000009,
    "throughput" : 243.90243902439025,
    "receivedKBytesPerSec" : 118.61661585365854,
    "sentKBytesPerSec" : 111.94740853658537
  },
  "get specialty list" : {
    "transaction" : "get specialty list",
    "sampleCount" : 200,
    "errorCount" : 0,
    "errorPct" : 0.0,
    "meanResTime" : 6.2200000000000015,
    "medianResTime" : 6.0,
    "minResTime" : 3.0,
    "maxResTime" : 18.0,
    "pct1ResTime" : 9.0,
    "pct2ResTime" : 10.0,
    "pct3ResTime" : 16.970000000000027,
    "throughput" : 243.90243902439025,
    "receivedKBytesPerSec" : 7273.246951219513,
    "sentKBytesPerSec" : 113.13833841463415
  }
}