{
  "create appointment" : {
    "transaction" : "create appointment",
    "sampleCount" : 500,
    "errorCount" : 0,
    "errorPct" : 0.0,
    "meanResTime" : 69.54200000000004,
    "medianResTime" : 59.0,
    "minResTime" : 12.0,
    "maxResTime" : 220.0,
    "pct1ResTime" : 124.90000000000003,
    "pct2ResTime" : 171.95,
    "pct3ResTime" : 205.97000000000003,
    "throughput" : 230.2025782688766,
    "receivedKBytesPerSec" : 171.25722979972375,
    "sentKBytesPerSec" : 162.53560946132595
  },
  "Total" : {
    "transaction" : "Total",
    "sampleCount" : 1000,
    "errorCount" : 0,
    "errorPct" : 0.0,
    "meanResTime" : 104.2830000000001,
    "medianResTime" : 97.0,
    "minResTime" : 12.0,
    "maxResTime" : 294.0,
    "pct1ResTime" : 179.0,
    "pct2ResTime" : 201.94999999999993,
    "pct3ResTime" : 260.0,
    "throughput" : 455.99635202918375,
    "receivedKBytesPerSec" : 329.6675501595987,
    "sentKBytesPerSec" : 291.00939067487457
  },
  "confirm appointment" : {
    "transaction" : "confirm appointment",
    "sampleCount" : 500,
    "errorCount" : 0,
    "errorPct" : 0.0,
    "meanResTime" : 139.02399999999994,
    "medianResTime" : 134.0,
    "minResTime" : 21.0,
    "maxResTime" : 294.0,
    "pct1ResTime" : 197.0,
    "pct2ResTime" : 241.74999999999994,
    "pct3ResTime" : 274.94000000000005,
    "throughput" : 238.09523809523807,
    "receivedKBytesPerSec" : 167.1382068452381,
    "sentKBytesPerSec" : 135.78869047619048
  }
}