{
  "get slot" : {
    "transaction" : "get slot",
    "sampleCount" : 300,
    "errorCount" : 0,
    "errorPct" : 0.0,
    "meanResTime" : 13.016666666666659,
    "medianResTime" : 11.0,
    "minResTime" : 6.0,
    "maxResTime" : 35.0,
    "pct1ResTime" : 22.0,
    "pct2ResTime" : 26.94999999999999,
    "pct3ResTime" : 32.99000000000001,
    "throughput" : 54.94505494505494,
    "receivedKBytesPerSec" : 18.458104395604394,
    "sentKBytesPerSec" : 26.45303914835165
  },
  "create appointment" : {
    "transaction" : "create appointment",
    "sampleCount" : 300,
    "errorCount" : 0,
    "errorPct" : 0.0,
    "meanResTime" : 16.823333333333327,
    "medianResTime" : 14.0,
    "minResTime" : 6.0,
    "maxResTime" : 63.0,
    "pct1ResTime" : 24.0,
    "pct2ResTime" : 34.94999999999999,
    "pct3ResTime" : 53.99000000000001,
    "throughput" : 56.12722170252572,
    "receivedKBytesPerSec" : 41.15685658325538,
    "sentKBytesPerSec" : 39.62888797942002
  },
  "add visit" : {
    "transaction" : "add visit",
    "sampleCount" : 300,
    "errorCount" : 0,
    "errorPct" : 0.0,
    "meanResTime" : 37.960000000000015,
    "medianResTime" : 30.0,
    "minResTime" : 12.0,
    "maxResTime" : 161.0,
    "pct1ResTime" : 65.7000000000001,
    "pct2ResTime" : 89.0,
    "pct3ResTime" : 122.90000000000009,
    "throughput" : 55.25879535826119,
    "receivedKBytesPerSec" : 38.640684000276295,
    "sentKBytesPerSec" : 30.975145054337816
  },
  "Total" : {
    "transaction" : "Total",
    "sampleCount" : 2100,
    "errorCount" : 0,
    "errorPct" : 0.0,
    "meanResTime" : 25.294761904761913,
    "medianResTime" : 19.0,
    "minResTime" : 6.0,
    "maxResTime" : 185.0,
    "pct1ResTime" : 49.0,
    "pct2ResTime" : 64.94999999999982,
    "pct3ResTime" : 90.0,
    "throughput" : 379.9529582051746,
    "receivedKBytesPerSec" : 228.47710670345575,
    "sentKBytesPerSec" : 221.5325052017369
  },
  "confirm appointment" : {
    "transaction" : "confirm appointment",
    "sampleCount" : 300,
    "errorCount" : 0,
    "errorPct" : 0.0,
    "meanResTime" : 17.840000000000003,
    "medianResTime" : 15.0,
    "minResTime" : 7.0,
    "maxResTime" : 54.0,
    "pct1ResTime" : 27.0,
    "pct2ResTime" : 42.0,
    "pct3ResTime" : 52.0,
    "throughput" : 56.33802816901409,
    "receivedKBytesPerSec" : 37.948026701877936,
    "sentKBytesPerSec" : 31.072476525821596
  },
  "get capacity" : {
    "transaction" : "get capacity",
    "sampleCount" : 300,
    "errorCount" : 0,
    "errorPct" : 0.0,
    "meanResTime" : 21.40666666666666,
    "medianResTime" : 19.0,
    "minResTime" : 9.0,
    "maxResTime" : 72.0,
    "pct1ResTime" : 34.0,
    "pct2ResTime" : 37.94999999999999,
    "pct3ResTime" : 46.0,
    "throughput" : 55.14705882352941,
    "receivedKBytesPerSec" : 22.18807444852941,
    "sentKBytesPerSec" : 26.711856617647058
  },
  "link appointment" : {
    "transaction" : "link appointment",
    "sampleCount" : 300,
    "errorCount" : 0,
    "errorPct" : 0.0,
    "meanResTime" : 51.09666666666669,
    "medianResTime" : 47.0,
    "minResTime" : 20.0,
    "maxResTime" : 185.0,
    "pct1ResTime" : 76.0,
    "pct2ResTime" : 83.94999999999999,
    "pct3ResTime" : 117.88000000000011,
    "throughput" : 56.306306306306304,
    "receivedKBytesPerSec" : 37.90356518628003,
    "sentKBytesPerSec" : 34.95903129692192
  },
  "update appointment" : {
    "transaction" : "update appointment",
    "sampleCount" : 300,
    "errorCount" : 0,
    "errorPct" : 0.0,
    "meanResTime" : 18.92000000000001,
    "medianResTime" : 15.0,
    "minResTime" : 7.0,
    "maxResTime" : 74.0,
    "pct1ResTime" : 32.0,
    "pct2ResTime" : 36.94999999999999,
    "pct3ResTime" : 64.98000000000002,
    "throughput" : 56.264066016504124,
    "receivedKBytesPerSec" : 38.9200083223931,
    "sentKBytesPerSec" : 38.06469195423856
  }
}