{
  "add owner" : {
    "transaction" : "add owner",
    "sampleCount" : 50,
    "errorCount" : 23,
    "errorPct" : 46.0,
    "meanResTime" : 3.739999999999999,
    "medianResTime" : 5.0,
    "minResTime" : 0.0,
    "maxResTime" : 21.0,
    "pct1ResTime" : 6.0,
    "pct2ResTime" : 7.0,
    "pct3ResTime" : 21.0,
    "throughput" : 9.503896597605019,
    "receivedKBytesPerSec" : 5.198557189697776,
    "sentKBytesPerSec" : 5.763593542102262
  },
  "update owner" : {
    "transaction" : "update owner",
    "sampleCount" : 50,
    "errorCount" : 23,
    "errorPct" : 46.0,
    "meanResTime" : 4.640000000000001,
    "medianResTime" : 7.0,
    "minResTime" : 0.0,
    "maxResTime" : 11.0,
    "pct1ResTime" : 8.0,
    "pct2ResTime" : 9.449999999999996,
    "pct3ResTime" : 11.0,
    "throughput" : 9.879470460383324,
    "receivedKBytesPerSec" : 4.4183616133175265,
    "sentKBytesPerSec" : 6.001006471053151
  },
  "Total" : {
    "transaction" : "Total",
    "sampleCount" : 200,
    "errorCount" : 92,
    "errorPct" : 46.0,
    "meanResTime" : 26.245000000000008,
    "medianResTime" : 5.0,
    "minResTime" : 0.0,
    "maxResTime" : 183.0,
    "pct1ResTime" : 167.0,
    "pct2ResTime" : 172.95,
    "pct3ResTime" : 181.96000000000004,
    "throughput" : 37.98670465337132,
    "receivedKBytesPerSec" : 364.60392183048435,
    "sentKBytesPerSec" : 20.263903727445395
  },
  "get owner by id" : {
    "transaction" : "get owner by id",
    "sampleCount" : 50,
    "errorCount" : 23,
    "errorPct" : 46.0,
    "meanResTime" : 4.339999999999999,
    "medianResTime" : 6.0,
    "minResTime" : 0.0,
    "maxResTime" : 12.0,
    "pct1ResTime" : 8.0,
    "pct2ResTime" : 9.0,
    "pct3ResTime" : 12.0,
    "throughput" : 9.540164090822362,
    "receivedKBytesPerSec" : 5.640808350028621,
    "sentKBytesPerSec" : 4.397419385613433
  },
  "get owner list" : {
    "transaction" : "get owner list",
    "sampleCount" : 50,
    "errorCount" : 23,
    "errorPct" : 46.0,
    "meanResTime" : 92.26000000000006,
    "medianResTime" : 159.0,
    "minResTime" : 0.0,
    "maxResTime" : 183.0,
    "pct1ResTime" : 174.0,
    "pct2ResTime" : 179.79999999999998,
    "pct3ResTime" : 183.0,
    "throughput" : 9.560229445506693,
    "receivedKBytesPerSec" : 351.886278083174,
    "sentKBytesPerSec" : 4.3879959369024855
  }
}