{
  "get slot" : {
    "transaction" : "get slot",
    "sampleCount" : 300,
    "errorCount" : 0,
    "errorPct" : 0.0,
    "meanResTime" : 14.836666666666659,
    "medianResTime" : 13.0,
    "minResTime" : 7.0,
    "maxResTime" : 64.0,
    "pct1ResTime" : 23.900000000000034,
    "pct2ResTime" : 28.94999999999999,
    "pct3ResTime" : 40.960000000000036,
    "throughput" : 64.54388984509467,
    "receivedKBytesPerSec" : 21.68271299483649,
    "sentKBytesPerSec" : 31.074353216437178
  },
  "create appointment" : {
    "transaction" : "create appointment",
    "sampleCount" : 300,
    "errorCount" : 0,
    "errorPct" : 0.0,
    "meanResTime" : 21.816666666666663,
    "medianResTime" : 19.0,
    "minResTime" : 10.0,
    "maxResTime" : 79.0,
    "pct1ResTime" : 32.0,
    "pct2ResTime" : 42.0,
    "pct3ResTime" : 63.99000000000001,
    "throughput" : 65.11829824180595,
    "receivedKBytesPerSec" : 47.79348172617755,
    "sentKBytesPerSec" : 45.9770797156501
  },
  "add visit" : {
    "transaction" : "add visit",
    "sampleCount" : 300,
    "errorCount" : 0,
    "errorPct" : 0.0,
    "meanResTime" : 43.99666666666665,
    "medianResTime" : 39.0,
    "minResTime" : 21.0,
    "maxResTime" : 122.0,
    "pct1ResTime" : 63.900000000000034,
    "pct2ResTime" : 82.0,
    "pct3ResTime" : 108.97000000000003,
    "throughput" : 64.53000645300065,
    "receivedKBytesPerSec" : 44.98825352226285,
    "sentKBytesPerSec" : 36.172093460959346
  },
  "Total" : {
    "transaction" : "Total",
    "sampleCount" : 1800,
    "errorCount" : 0,
    "errorPct" : 0.0,
    "meanResTime" : 25.202222222222257,
    "medianResTime" : 21.0,
    "minResTime" : 7.0,
    "maxResTime" : 122.0,
    "pct1ResTime" : 44.0,
    "pct2ResTime" : 54.0,
    "pct3ResTime" : 81.97000000000003,
    "throughput" : 381.59847360610553,
    "receivedKBytesPerSec" : 224.82758506465976,
    "sentKBytesPerSec" : 220.11474454102185
  },
  "confirm appointment" : {
    "transaction" : "confirm appointment",
    "sampleCount" : 300,
    "errorCount" : 0,
    "errorPct" : 0.0,
    "meanResTime" : 23.42333333333333,
    "medianResTime" : 20.0,
    "minResTime" : 11.0,
    "maxResTime" : 91.0,
    "pct1ResTime" : 37.900000000000034,
    "pct2ResTime" : 46.0,
    "pct3ResTime" : 64.99000000000001,
    "throughput" : 65.50218340611353,
    "receivedKBytesPerSec" : 44.12442003275109,
    "sentKBytesPerSec" : 36.14134143013101
  },
  "get capacity" : {
    "transaction" : "get capacity",
    "sampleCount" : 300,
    "errorCount" : 0,
    "errorPct" : 0.0,
    "meanResTime" : 23.31666666666667,
    "medianResTime" : 21.0,
    "minResTime" : 13.0,
    "maxResTime" : 72.0,
    "pct1ResTime" : 35.0,
    "pct2ResTime" : 43.0,
    "pct3ResTime" : 57.98000000000002,
    "throughput" : 64.58557588805166,
    "receivedKBytesPerSec" : 25.985602798708292,
    "sentKBytesPerSec" : 31.28363832077503
  },
  "update appointment" : {
    "transaction" : "update appointment",
    "sampleCount" : 300,
    "errorCount" : 0,
    "errorPct" : 0.0,
    "meanResTime" : 23.82333333333333,
    "medianResTime" : 20.0,
    "minResTime" : 11.0,
    "maxResTime" : 69.0,
    "pct1ResTime" : 41.0,
    "pct2ResTime" : 48.94999999999999,
    "pct3ResTime" : 66.97000000000003,
    "throughput" : 65.1890482398957,
    "receivedKBytesPerSec" : 45.11137311223381,
    "sentKBytesPerSec" : 44.11719768578878
  }
}