{
  "get vet list" : {
    "transaction" : "get vet list",
    "sampleCount" : 200,
    "errorCount" : 0,
    "errorPct" : 0.0,
    "meanResTime" : 70.26000000000002,
    "medianResTime" : 67.0,
    "minResTime" : 32.0,
    "maxResTime" : 130.0,
    "pct1ResTime" : 100.0,
    "pct2ResTime" : 111.0,
    "pct3ResTime" : 128.91000000000008,
    "throughput" : 98.23182711198427,
    "receivedKBytesPerSec" : 458.92681728880154,
    "sentKBytesPerSec" : 44.895014734774065
  },
  "get pettype list by id" : {
    "transaction" : "get pettype list by id",
    "sampleCount" : 200,
    "errorCount" : 0,
    "errorPct" : 0.0,
    "meanResTime" : 4.829999999999999,
    "medianResTime" : 4.0,
    "minResTime" : 2.0,
    "maxResTime" : 16.0,
    "pct1ResTime" : 7.0,
    "pct2ResTime" : 8.949999999999989,
    "pct3ResTime" : 14.990000000000009,
    "throughput" : 99.40357852882704,
    "receivedKBytesPerSec" : 44.12489904324055,
    "sentKBytesPerSec" : 46.20713220675945
  },
  "Total" : {
    "transaction" : "Total",
    "sampleCount" : 1200,
    "errorCount" : 0,
    "errorPct" : 0.0,
    "meanResTime" : 16.570000000000004,
    "medianResTime" : 6.0,
    "minResTime" : 2.0,
    "maxResTime" : 130.0,
    "pct1ResTime" : 63.0,
    "pct2ResTime" : 75.95000000000005,
    "pct3ResTime" : 109.0,
    "throughput" : 577.2005772005772,
    "receivedKBytesPerSec" : 5865.721012205387,
    "sentKBytesPerSec" : 266.8988997113997
  },
  "get specialty list by id" : {
    "transaction" : "get specialty list by id",
    "sampleCount" : 200,
    "errorCount" : 0,
    "errorPct" : 0.0,
    "meanResTime" : 4.809999999999998,
    "medianResTime" : 4.0,
    "minResTime" : 2.0,
    "maxResTime" : 13.0,
    "pct1ResTime" : 7.0,
    "pct2ResTime" : 9.0,
    "pct3ResTime" : 11.0,
    "throughput" : 99.25558312655087,
    "receivedKBytesPerSec" : 44.68439826302729,
    "sentKBytesPerSec" : 46.429125310173696
  },
  "get pettype list" : {
    "transaction" : "get pettype list",
    "sampleCount" : 200,
    "errorCount" : 0,
    "errorPct" : 0.0,
    "meanResTime" : 7.1149999999999975,
    "medianResTime" : 6.0,
    "minResTime" : 4.0,
    "maxResTime" : 19.0,
    "pct1ResTime" : 10.0,
    "pct2ResTime" : 11.0,
    "pct3ResTime" : 14.0,
    "throughput" : 99.2063492063492,
    "receivedKBytesPerSec" : 2484.130859375,
    "sentKBytesPerSec" : 45.72792658730159
  },
  "get vet list by id" : {
    "transaction" : "get vet list by id",
    "sampleCount" : 200,
    "errorCount" : 0,
    "errorPct" : 0.0,
    "meanResTime" : 5.140000000000002,
    "medianResTime" : 5.0,
    "minResTime" : 2.0,
    "maxResTime" : 16.0,
    "pct1ResTime" : 8.0,
    "pct2ResTime" : 9.0,
    "pct3ResTime" : 16.0,
    "throughput" : 101.9367991845056,
    "receivedKBytesPerSec" : 49.67428007135576,
    "sentKBytesPerSec" : 46.88694571865444
  },
  "get specialty list" : {
    "transaction" : "get specialty list",
    "sampleCount" : 200,
    "errorCount" : 0,
    "errorPct" : 0.0,
    "meanResTime" : 7.265,
    "medianResTime" : 6.5,
    "minResTime" : 4.0,
    "maxResTime" : 15.0,
    "pct1ResTime" : 10.0,
    "pct2ResTime" : 15.0,
    "pct3ResTime" : 15.0,
    "throughput" : 98.76543209876543,
    "receivedKBytesPerSec" : 2951.195987654321,
    "sentKBytesPerSec" : 45.814043209876544
  }
}