{
  "get slot" : {
    "transaction" : "get slot",
    "sampleCount" : 300,
    "errorCount" : 0,
    "errorPct" : 0.0,
    "meanResTime" : 18.383333333333333,
    "medianResTime" : 15.0,
    "minResTime" : 8.0,
    "maxResTime" : 72.0,
    "pct1ResTime" : 32.0,
    "pct2ResTime" : 43.0,
    "pct3ResTime" : 55.99000000000001,
    "throughput" : 33.871514056678336,
    "receivedKBytesPerSec" : 11.378711753415379,
    "sentKBytesPerSec" : 16.307281669865645
  },
  "create appointment" : {
    "transaction" : "create appointment",
    "sampleCount" : 300,
    "errorCount" : 0,
    "errorPct" : 0.0,
    "meanResTime" : 27.82666666666668,
    "medianResTime" : 25.0,
    "minResTime" : 11.0,
    "maxResTime" : 77.0,
    "pct1ResTime" : 41.900000000000034,
    "pct2ResTime" : 50.89999999999998,
    "pct3ResTime" : 72.99000000000001,
    "throughput" : 34.42340791738382,
    "receivedKBytesPerSec" : 25.268484652897303,
    "sentKBytesPerSec" : 24.30480851979346
  },
  "add visit" : {
    "transaction" : "add visit",
    "sampleCount" : 300,
    "errorCount" : 0,
    "errorPct" : 0.0,
    "meanResTime" : 66.85999999999994,
    "medianResTime" : 58.0,
    "minResTime" : 26.0,
    "maxResTime" : 179.0,
    "pct1ResTime" : 111.80000000000007,
    "pct2ResTime" : 138.69999999999993,
    "pct3ResTime" : 171.97000000000003,
    "throughput" : 33.87533875338753,
    "receivedKBytesPerSec" : 23.676898959744808,
    "sentKBytesPerSec" : 18.98871527777778
  },
  "Total" : {
    "transaction" : "Total",
    "sampleCount" : 2100,
    "errorCount" : 0,
    "errorPct" : 0.0,
    "meanResTime" : 41.67761904761913,
    "medianResTime" : 30.0,
    "minResTime" : 8.0,
    "maxResTime" : 214.0,
    "pct1ResTime" : 86.0,
    "pct2ResTime" : 106.0,
    "pct3ResTime" : 164.98999999999978,
    "throughput" : 231.86485591255382,
    "receivedKBytesPerSec" : 139.47311558049023,
    "sentKBytesPerSec" : 135.2113696588274
  },
  "confirm appointment" : {
    "transaction" : "confirm appointment",
    "sampleCount" : 300,
    "errorCount" : 0,
    "errorPct" : 0.0,
    "meanResTime" : 28.079999999999995,
    "medianResTime" : 25.0,
    "minResTime" : 12.0,
    "maxResTime" : 99.0,
    "pct1ResTime" : 43.900000000000034,
    "pct2ResTime" : 50.0,
    "pct3ResTime" : 74.91000000000008,
    "throughput" : 34.64603302921815,
    "receivedKBytesPerSec" : 23.348854876429147,
    "sentKBytesPerSec" : 19.116219396004155
  },
  "get capacity" : {
    "transaction" : "get capacity",
    "sampleCount" : 300,
    "errorCount" : 0,
    "errorPct" : 0.0,
    "meanResTime" : 30.04,
    "medianResTime" : 27.0,
    "minResTime" : 14.0,
    "maxResTime" : 94.0,
    "pct1ResTime" : 47.0,
    "pct2ResTime" : 58.94999999999999,
    "pct3ResTime" : 89.93000000000006,
    "throughput" : 33.89447520054231,
    "receivedKBytesPerSec" : 13.637230256468195,
    "sentKBytesPerSec" : 16.417636425262682
  },
  "link appointment" : {
    "transaction" : "link appointment",
    "sampleCount" : 300,
    "errorCount" : 0,
    "errorPct" : 0.0,
    "meanResTime" : 91.85999999999999,
    "medianResTime" : 84.0,
    "minResTime" : 44.0,
    "maxResTime" : 214.0,
    "pct1ResTime" : 143.90000000000003,
    "pct2ResTime" : 161.95,
    "pct3ResTime" : 206.83000000000015,
    "throughput" : 34.52243958573072,
    "receivedKBytesPerSec" : 23.24915491944764,
    "sentKBytesPerSec" : 21.441671461449943
  },
  "update appointment" : {
    "transaction" : "update appointment",
    "sampleCount" : 300,
    "errorCount" : 0,
    "errorPct" : 0.0,
    "meanResTime" : 28.693333333333328,
    "medianResTime" : 26.0,
    "minResTime" : 11.0,
    "maxResTime" : 95.0,
    "pct1ResTime" : 41.0,
    "pct2ResTime" : 55.94999999999999,
    "pct3ResTime" : 83.99000000000001,
    "throughput" : 34.55425017277125,
    "receivedKBytesPerSec" : 23.913070865008063,
    "sentKBytesPerSec" : 23.384858759502418
  }
}